"X0","X1"
"v10_v71_targetMean2way","v78"
"v10_v113_targetMean2way","v92"
"v24_v113_targetMean2way","v131"
"v31_km7_targetMean2way","v35_v34_int2"
"v10_v79_v113_cnt3","v30_km7_cnt2"
"v22_v52_v125_cnt3","v31_v38_cnt2"
"v22_v66_v125_cnt3","v31_v47_cnt2"
"v22_v75_v110_cnt3","v31_v110_cnt2"
"v38_v113_v129_cnt3","v31_v125_cnt2"
"v52_v112_v113_cnt3","v75_km7_cnt2"
"v56_v113_v129_cnt3","v52_km7_targetMean2way"
"v112_v113_v129_cnt3","v3_v10_v75_cnt3"
"v10_v24_v3_targetMean3way","v3_v38_v129_cnt3"
"v10_v38_v72_targetMean3way","v3_v75_v129_cnt3"
"v10_v52_v66_targetMean3way","v10_v22_v129_cnt3"
"v10_v56_v91_targetMean3way","v10_v30_v79_cnt3"
"v10_v113_v56_targetMean3way","v10_v38_v66_cnt3"
"v10_v113_v66_targetMean3way","v10_v38_v129_cnt3"
"v10_v113_v79_targetMean3way","v10_v56_v75_cnt3"
"v10_v125_v91_targetMean3way","v10_v62_v74_cnt3"
"v125_v22_v52_targetMean3way","v10_v125_v129_cnt3"
"v112_v22_v91_targetMean3way","v22_v52_v129_cnt3"
"v24_v30_v52_targetMean3way","v22_v56_v129_cnt3"
"v24_v52_v66_targetMean3way","v24_v30_v125_cnt3"
"v24_v66_v75_targetMean3way","v24_v38_v56_cnt3"
"v125_v24_v91_targetMean3way","v24_v52_v72_cnt3"
"v112_v113_v24_targetMean3way","v24_v56_v110_cnt3"
"v30_v66_v79_targetMean3way","v24_v62_v74_cnt3"
"v110_v30_v72_targetMean3way","v24_v72_v79_cnt3"
"v110_v38_v47_targetMean3way","v30_v38_v66_cnt3"
"v92","v47_v110_cnt2"
"v3_v91_cnt2","v10_v71_targetMean2way"
"v31_v125_cnt2","v10_v113_targetMean2way"
"v75_km7_cnt2","v24_v62_targetMean2way"
"v3_v30_v56_cnt3","v31_v47_targetMean2way"
"v3_v38_v129_cnt3","v31_km7_targetMean2way"
"v3_v66_v129_cnt3","v52_v71_targetMean2way"
"v3_v72_v74_cnt3","v52_v110_targetMean2way"
"v10_v22_v129_cnt3","v66_v74_targetMean2way"
"v24_v38_v56_cnt3","v3_v30_v66_cnt3"
"v24_v56_v110_cnt3","v3_v112_v113_cnt3"
"v24_v62_v74_cnt3","v10_v66_v113_cnt3"
"v30_v66_v72_cnt3","v10_v79_v113_cnt3"
"v47_v72_v74_cnt3","v22_v52_v125_cnt3"
"v47_v110_v129_cnt3","v22_v66_v113_cnt3"
"v52_v56_v112_cnt3","v22_v66_v125_cnt3"
"v52_v74_v79_cnt3","v22_v75_v91_cnt3"
"v52_v74_v91_cnt3","v22_v75_v110_cnt3"
"v72_v74_v110_cnt3","v22_v91_v125_cnt3"
"v75_v79_v129_cnt3","v22_v110_v113_cnt3"
"v75_v110_v112_cnt3","v24_v112_v113_cnt3"
"v125_v3_v52_targetMean3way","v30_v75_v112_cnt3"
"v22_v10_v24_v47_v52_v113_v125_targetMean7way","v30_v79_v110_cnt3"
"v22_v10_v24_v47_v56_v72_v110_targetMean7way","v38_v56_v113_cnt3"
"v22_v10_v24_v52_v56_v113_v129_targetMean7way","v38_v113_v129_cnt3"
"v22_v10_v72_v74_v110_v113_v125_targetMean7way","v47_v72_v113_cnt3"
"v10_v66_v72_v74_v110_v113_v125_targetMean7way","v47_v110_v112_cnt3"
"v7","v52_v112_v113_cnt3"
"v8","v56_v72_v113_cnt3"
"v13","v56_v91_v113_cnt3"
